{
    "v": {
        "mean": [
            0.07757849882240692,
            0.3095077221007506,
            0.01200662806572586
        ],
        "std": [
            0.029327490240329157,
            0.2271115499270955,
            156.68177039521555
        ],
        "threshold": 0.5002620857474851
    }
}